,3-day humidity,3-day temp
0,58.0,47.0
1,61.3333333333,60.3333333333
2,65.0,53.3333333333
3,68.0,58.6666666667
4,53.3333333333,52.0
5,58.0,47.0
6,64.6666666667,55.3333333333
7,64.3333333333,46.6666666667
8,79.3333333333,41.3333333333
9,65.0,53.3333333333
10,54.0,49.3333333333
11,53.3333333333,52.0
12,79.3333333333,41.3333333333
13,67.0,54.3333333333
14,67.0,54.3333333333
15,68.0,58.6666666667
16,67.0,54.3333333333
17,67.3333333333,49.0
18,67.3333333333,49.0
19,68.0,58.6666666667
20,60.3333333333,53.3333333333
21,79.0,60.3333333333
22,60.3333333333,53.3333333333
23,64.6666666667,55.3333333333
24,67.0,54.3333333333
25,67.0,54.3333333333
26,67.0,54.3333333333
27,61.3333333333,60.3333333333
28,79.3333333333,41.3333333333
29,60.3333333333,53.3333333333
30,58.0,47.0
31,68.0,58.6666666667
32,64.3333333333,46.6666666667
33,53.3333333333,52.0
34,54.0,49.3333333333
35,53.3333333333,52.0
36,61.3333333333,60.3333333333
37,53.3333333333,52.0
38,79.3333333333,41.3333333333
39,58.0,47.0
40,68.0,58.6666666667
41,56.0,57.3333333333
42,54.0,49.3333333333
43,68.0,58.6666666667
44,53.3333333333,52.0
45,53.3333333333,52.0
46,67.0,54.3333333333
47,65.0,53.3333333333
48,64.3333333333,46.6666666667
49,54.0,49.3333333333
50,55.6666666667,77.0
51,64.6666666667,55.3333333333
52,67.0,54.3333333333
53,53.3333333333,52.0
54,64.6666666667,55.3333333333
55,79.3333333333,41.3333333333
56,64.3333333333,46.6666666667
57,60.3333333333,53.3333333333
58,67.0,54.3333333333
59,60.3333333333,53.3333333333
60,58.0,47.0
61,54.0,49.3333333333
62,54.0,49.3333333333
63,61.3333333333,60.3333333333
64,68.0,58.6666666667
65,53.3333333333,52.0
66,64.6666666667,55.3333333333
67,67.0,54.3333333333
68,61.3333333333,60.3333333333
69,64.6666666667,55.3333333333
70,65.0,53.3333333333
71,61.3333333333,60.3333333333
72,79.3333333333,41.3333333333
73,68.0,58.6666666667
74,64.3333333333,46.6666666667
75,64.6666666667,55.3333333333
76,79.3333333333,41.3333333333
77,65.0,53.3333333333
78,53.3333333333,52.0
79,64.6666666667,55.3333333333
80,58.0,47.0
81,65.0,53.3333333333
82,58.0,47.0
83,68.0,58.6666666667
84,79.3333333333,41.3333333333
85,65.0,53.3333333333
86,54.0,49.3333333333
87,53.3333333333,52.0
88,54.0,49.3333333333
89,58.0,47.0
90,79.3333333333,41.3333333333
91,61.3333333333,60.3333333333
92,64.6666666667,55.3333333333
93,61.3333333333,60.3333333333
94,67.0,54.3333333333
95,60.3333333333,53.3333333333
96,61.3333333333,60.3333333333
97,53.3333333333,52.0
98,56.0,57.3333333333
99,79.3333333333,41.3333333333
100,65.0,53.3333333333
101,54.0,49.3333333333
102,64.6666666667,55.3333333333
103,53.3333333333,52.0
104,67.0,54.3333333333
105,54.0,49.3333333333
106,61.3333333333,60.3333333333
107,68.0,58.6666666667
108,58.0,47.0
109,64.3333333333,46.6666666667
110,65.0,53.3333333333
111,61.3333333333,60.3333333333
112,67.3333333333,49.0
113,64.3333333333,46.6666666667
114,67.0,54.3333333333
115,67.3333333333,49.0
116,61.3333333333,60.3333333333
117,68.0,58.6666666667
118,60.3333333333,53.3333333333
119,79.3333333333,41.3333333333
120,64.6666666667,55.3333333333
121,54.0,49.3333333333
122,68.0,58.6666666667
123,53.3333333333,52.0
124,68.0,58.6666666667
125,79.3333333333,41.3333333333
126,79.3333333333,41.3333333333
127,68.0,58.6666666667
128,56.0,57.3333333333
129,60.3333333333,53.3333333333
130,67.0,54.3333333333
131,54.0,49.3333333333
132,67.0,54.3333333333
133,64.6666666667,55.3333333333
134,64.3333333333,46.6666666667
135,65.0,53.3333333333
136,60.3333333333,53.3333333333
137,58.0,47.0
138,67.0,54.3333333333
139,65.0,53.3333333333
140,67.0,54.3333333333
141,54.0,49.3333333333
142,65.0,53.3333333333
143,61.3333333333,60.3333333333
144,60.3333333333,53.3333333333
145,67.3333333333,49.0
146,60.3333333333,53.3333333333
147,64.6666666667,55.3333333333
148,79.3333333333,41.3333333333
149,58.0,47.0
150,64.3333333333,46.6666666667
151,79.3333333333,41.3333333333
152,67.0,54.3333333333
153,58.0,47.0
154,64.6666666667,55.3333333333
155,79.3333333333,41.3333333333
156,60.3333333333,53.3333333333
157,65.0,53.3333333333
158,60.3333333333,53.3333333333
159,58.0,47.0
160,68.0,58.6666666667
161,68.0,58.6666666667
162,58.0,47.0
163,65.0,53.3333333333
164,67.0,54.3333333333
165,54.0,49.3333333333
166,67.0,54.3333333333
167,79.3333333333,41.3333333333
168,79.3333333333,41.3333333333
169,54.0,49.3333333333
170,67.0,54.3333333333
171,64.3333333333,46.6666666667
172,53.3333333333,52.0
173,54.0,49.3333333333
174,64.3333333333,46.6666666667
175,68.0,58.6666666667
176,79.3333333333,41.3333333333
177,79.3333333333,41.3333333333
178,54.0,49.3333333333
179,54.0,49.3333333333
180,65.0,53.3333333333
181,67.0,54.3333333333
182,68.0,58.6666666667
183,67.0,54.3333333333
184,79.3333333333,41.3333333333
185,54.0,49.3333333333
186,61.3333333333,60.3333333333
187,64.6666666667,55.3333333333
188,67.0,54.3333333333
189,60.3333333333,53.3333333333
190,60.3333333333,53.3333333333
191,61.3333333333,60.3333333333
192,61.3333333333,60.3333333333
193,79.3333333333,41.3333333333
194,67.0,54.3333333333
195,68.0,58.6666666667
196,64.6666666667,55.3333333333
197,54.0,49.3333333333
198,60.3333333333,53.3333333333
199,68.0,58.6666666667
200,54.0,49.3333333333
201,64.6666666667,55.3333333333
202,53.3333333333,52.0
203,61.3333333333,60.3333333333
204,65.0,53.3333333333
205,54.0,49.3333333333
206,61.3333333333,60.3333333333
207,65.0,53.3333333333
208,79.0,60.3333333333
209,65.0,53.3333333333
210,53.3333333333,52.0
211,64.3333333333,46.6666666667
212,60.3333333333,53.3333333333
213,65.0,53.3333333333
214,68.0,58.6666666667
215,64.3333333333,46.6666666667
216,79.3333333333,41.3333333333
217,53.3333333333,52.0
218,54.0,49.3333333333
219,65.0,53.3333333333
220,53.3333333333,52.0
221,79.3333333333,41.3333333333
222,67.0,54.3333333333
223,79.3333333333,41.3333333333
224,60.3333333333,53.3333333333
225,67.0,54.3333333333
226,61.3333333333,60.3333333333
227,64.6666666667,55.3333333333
228,67.0,54.3333333333
229,79.3333333333,41.3333333333
230,58.0,47.0
231,68.0,58.6666666667
232,79.3333333333,41.3333333333
233,68.0,58.6666666667
234,54.0,49.3333333333
235,60.3333333333,53.3333333333
236,65.0,53.3333333333
237,65.0,53.3333333333
238,54.0,49.3333333333
239,67.0,54.3333333333
240,79.3333333333,41.3333333333
241,79.3333333333,41.3333333333
242,79.3333333333,41.3333333333
243,60.3333333333,53.3333333333
244,58.0,47.0
245,64.6666666667,55.3333333333
246,68.0,58.6666666667
247,67.0,54.3333333333
248,65.0,53.3333333333
249,64.6666666667,55.3333333333
250,58.0,47.0
251,60.3333333333,53.3333333333
252,50.6666666667,48.0
253,64.6666666667,55.3333333333
254,79.0,60.3333333333
255,60.3333333333,53.3333333333
256,58.0,47.0
257,54.0,49.3333333333
258,68.0,58.6666666667
259,61.3333333333,60.3333333333
260,53.3333333333,52.0
261,54.0,49.3333333333
262,79.3333333333,41.3333333333
263,60.3333333333,53.3333333333
264,64.6666666667,55.3333333333
265,68.0,58.6666666667
266,79.3333333333,41.3333333333
267,67.0,54.3333333333
268,61.0,82.6666666667
269,53.3333333333,55.3333333333
270,65.6666666667,41.6666666667
271,59.6666666667,69.3333333333
272,43.0,71.3333333333
273,58.3333333333,42.3333333333
274,63.3333333333,34.6666666667
275,66.0,76.6666666667
276,51.0,73.6666666667
277,64.0,73.6666666667
278,43.0,31.0
279,82.6666666667,50.0
280,68.0,76.0
281,51.0,34.3333333333
282,58.0,74.3333333333
283,67.3333333333,83.0
284,69.6666666667,44.0
285,46.3333333333,40.3333333333
286,49.3333333333,49.0
287,48.3333333333,51.3333333333
288,71.3333333333,38.3333333333
289,60.0,35.3333333333
290,79.3333333333,41.3333333333
291,58.0,74.3333333333
292,68.0,58.6666666667
293,58.0,74.3333333333
294,45.0,55.0
295,56.0,50.3333333333
296,57.3333333333,27.3333333333
297,82.6666666667,50.0
298,35.0,40.3333333333
299,69.6666666667,44.0
300,42.3333333333,60.6666666667
301,56.0,50.3333333333
302,53.6666666667,85.3333333333
303,58.3333333333,80.6666666667
304,68.6666666667,74.3333333333
305,56.0,50.3333333333
306,62.0,54.0
307,68.0,58.6666666667
308,81.6666666667,46.6666666667
309,66.3333333333,63.0
310,42.0,49.0
311,53.6666666667,42.3333333333
312,67.6666666667,78.0
313,49.3333333333,49.0
314,44.0,37.0
315,69.0,63.6666666667
316,50.0,40.3333333333
317,50.6666666667,52.0
318,53.3333333333,53.6666666667
319,48.0,33.6666666667
320,48.0,46.0
321,58.0,47.0
322,56.6666666667,71.3333333333
323,42.3333333333,60.6666666667
324,54.3333333333,33.0
325,59.6666666667,56.3333333333
326,65.0,47.3333333333
327,56.6666666667,36.3333333333
328,68.6666666667,36.3333333333
329,79.3333333333,41.3333333333
330,79.3333333333,41.3333333333
331,65.6666666667,73.6666666667
332,55.0,80.6666666667
333,79.3333333333,41.3333333333
334,61.6666666667,74.6666666667
335,57.0,44.6666666667
336,35.0,40.3333333333
337,64.6666666667,37.0
338,59.6666666667,69.3333333333
339,64.6666666667,37.0
340,73.6666666667,51.6666666667
341,44.6666666667,38.3333333333
342,66.6666666667,34.6666666667
343,74.0,68.0
344,67.6666666667,78.0
345,72.3333333333,43.6666666667
346,68.6666666667,58.3333333333
347,73.3333333333,39.0
348,76.6666666667,63.6666666667
349,35.0,43.6666666667
350,51.3333333333,50.6666666667
351,34.3333333333,63.6666666667
352,74.0,64.3333333333
353,80.0,42.3333333333
354,53.0,46.0
355,57.0,65.0
356,56.6666666667,34.6666666667
357,81.6666666667,46.6666666667
358,68.3333333333,53.0
359,68.6666666667,36.3333333333
360,66.6666666667,58.3333333333
361,56.3333333333,63.6666666667
362,57.6666666667,76.0
363,57.0,21.0
364,58.3333333333,79.0
365,35.0,40.3333333333
366,72.3333333333,65.0
367,48.0,35.0
368,64.3333333333,46.6666666667
369,74.6666666667,74.6666666667
370,74.3333333333,82.3333333333
371,40.0,45.0
372,60.3333333333,75.6666666667
373,34.6666666667,49.6666666667
374,64.6666666667,55.3333333333
375,58.0,47.0
376,34.3333333333,63.6666666667
377,72.3333333333,71.6666666667
378,50.6666666667,52.0
379,59.6666666667,56.3333333333
380,51.3333333333,51.6666666667
381,56.3333333333,63.6666666667
382,71.0,49.3333333333
383,81.6666666667,46.6666666667
384,54.3333333333,35.6666666667
385,59.3333333333,36.0
386,63.3333333333,36.0
387,54.3333333333,78.6666666667
388,61.6666666667,79.6666666667
389,51.3333333333,51.6666666667
390,66.6666666667,46.6666666667
391,88.6666666667,43.6666666667
392,88.3333333333,43.0
393,42.0,49.0
394,65.0,47.3333333333
395,56.3333333333,56.0
396,63.3333333333,55.0
397,56.0,75.0
398,43.0,31.0
399,48.3333333333,51.3333333333
400,59.6666666667,69.3333333333
401,60.3333333333,75.6666666667
402,40.0,45.0
403,51.3333333333,50.6666666667
404,68.3333333333,53.0
405,63.3333333333,36.0
406,46.3333333333,48.6666666667
407,27.6666666667,63.3333333333
408,50.6666666667,36.0
409,59.6666666667,56.3333333333
410,77.3333333333,51.0
411,72.6666666667,64.3333333333
412,59.6666666667,69.3333333333
413,53.6666666667,42.3333333333
414,62.0,53.3333333333
415,58.3333333333,73.0
416,54.0,49.3333333333
417,46.3333333333,48.6666666667
418,55.0,80.6666666667
419,71.3333333333,38.3333333333
420,82.0,61.6666666667
421,57.0,21.0
422,59.0,81.0
423,63.6666666667,74.3333333333
424,68.3333333333,70.6666666667
425,53.3333333333,52.0
426,68.0,58.6666666667
427,47.3333333333,52.0
428,49.3333333333,49.0
429,66.0,76.6666666667
430,32.6666666667,28.6666666667
431,46.0,62.6666666667
432,59.6666666667,52.0
433,52.0,53.0
434,32.6666666667,28.6666666667
435,48.3333333333,51.3333333333
436,51.0,34.3333333333
437,62.0,74.3333333333
438,55.6666666667,74.0
439,69.0,63.6666666667
440,51.3333333333,51.6666666667
441,55.6666666667,24.6666666667
442,40.0,45.0
443,53.6666666667,76.0
444,44.6666666667,29.0
445,81.3333333333,70.0
446,57.0,44.6666666667
447,71.0,74.0
448,48.0,39.3333333333
449,32.6666666667,28.6666666667
450,53.0,43.6666666667
451,58.3333333333,73.0
452,74.0,41.0
453,76.6666666667,63.6666666667
454,45.6666666667,78.3333333333
455,80.3333333333,52.6666666667
456,89.6666666667,41.0
457,65.6666666667,54.0
458,64.6666666667,37.0
459,45.0,55.0
460,54.0,38.0
461,50.6666666667,48.0
462,62.3333333333,74.6666666667
463,67.0,62.6666666667
464,57.3333333333,27.3333333333
465,67.0,54.3333333333
466,57.0,65.0
467,61.6666666667,74.6666666667
468,56.6666666667,34.6666666667
469,42.0,49.0
470,62.6666666667,49.3333333333
471,82.0,61.6666666667
472,53.3333333333,55.3333333333
473,68.3333333333,53.0
474,65.6666666667,37.0
475,53.0,78.6666666667
476,65.3333333333,64.6666666667
477,44.3333333333,59.0
478,80.3333333333,40.3333333333
479,56.6666666667,34.6666666667
480,50.0,47.6666666667
481,71.0,81.0
482,43.6666666667,52.0
483,60.3333333333,53.3333333333
484,55.0,49.3333333333
485,82.6666666667,50.0
486,53.3333333333,38.6666666667
487,59.6666666667,69.3333333333
488,49.3333333333,49.0
489,50.6666666667,52.0
490,54.0,49.3333333333
491,59.3333333333,36.0
492,63.0,42.3333333333
493,54.3333333333,66.0
494,54.3333333333,35.6666666667
495,65.3333333333,71.6666666667
496,40.0,49.0
497,63.0,42.3333333333
498,65.3333333333,64.6666666667
499,65.3333333333,63.3333333333
500,79.3333333333,41.3333333333
501,85.0,41.0
502,46.3333333333,48.6666666667
503,50.6666666667,52.0
504,58.3333333333,73.0
505,82.6666666667,50.0
506,82.0,61.6666666667
507,56.3333333333,63.6666666667
508,81.6666666667,46.6666666667
509,79.3333333333,41.3333333333
510,64.6666666667,55.3333333333
511,74.0,64.3333333333
512,43.6666666667,68.0
513,51.3333333333,51.6666666667
514,48.0,46.0
515,63.0,42.3333333333
516,68.6666666667,58.3333333333
517,49.3333333333,63.0
518,57.0,21.0
519,66.3333333333,63.0
520,69.0,69.0
521,71.0,42.6666666667
522,43.6666666667,52.0
523,47.3333333333,34.6666666667
524,67.0,54.3333333333
525,88.3333333333,43.0
526,47.3333333333,34.6666666667
527,56.3333333333,79.3333333333
528,68.6666666667,51.3333333333
529,54.3333333333,33.0
530,44.0,37.0
531,60.3333333333,48.6666666667
532,59.6666666667,40.0
533,53.3333333333,59.3333333333
534,49.3333333333,63.0
535,68.0,76.0
536,54.3333333333,33.0
537,39.0,61.0
538,59.6666666667,52.0
539,69.0,69.0
540,60.0,39.6666666667
541,59.6666666667,69.3333333333
542,68.6666666667,51.3333333333
543,42.0,51.6666666667
544,53.3333333333,53.6666666667
545,68.3333333333,53.0
546,81.6666666667,51.6666666667
547,48.3333333333,36.3333333333
548,44.3333333333,59.0
549,78.0,74.6666666667
550,69.3333333333,35.0
551,67.0,54.3333333333
552,53.3333333333,55.3333333333
553,28.6666666667,61.3333333333
554,48.6666666667,38.0
555,67.0,54.3333333333
556,69.3333333333,35.0
557,56.0,50.3333333333
558,70.0,80.3333333333
559,28.6666666667,61.3333333333
560,66.3333333333,63.0
561,80.3333333333,52.6666666667
562,58.3333333333,42.3333333333
563,65.3333333333,63.3333333333
564,60.0,75.6666666667
565,62.3333333333,39.0
566,47.3333333333,29.6666666667
567,60.0,75.6666666667
568,57.0,32.3333333333
569,56.3333333333,63.6666666667
570,47.3333333333,52.0
571,35.0,40.3333333333
572,61.3333333333,60.3333333333
573,71.3333333333,38.3333333333
574,71.3333333333,38.3333333333
575,48.0,56.3333333333
576,71.0,49.3333333333
577,57.3333333333,27.3333333333
578,55.3333333333,57.3333333333
579,50.3333333333,33.0
580,48.0,46.0
581,61.6666666667,69.6666666667
582,65.0,53.3333333333
583,44.3333333333,59.0
584,57.0,44.6666666667
585,71.0,42.6666666667
586,63.0,48.6666666667
587,68.3333333333,65.3333333333
588,53.3333333333,52.0
589,68.0,72.3333333333
590,48.0,35.0
591,54.0,38.0
592,54.0,38.0
593,58.0,74.3333333333
594,56.6666666667,34.6666666667
595,62.6666666667,62.6666666667
596,65.6666666667,73.6666666667
597,56.3333333333,56.0
598,58.0,74.3333333333
599,35.0,40.3333333333
600,46.3333333333,48.6666666667
601,46.0,62.6666666667
602,59.3333333333,36.0
603,48.6666666667,40.0
604,67.0,62.6666666667
605,65.6666666667,37.0
606,57.0,74.6666666667
607,58.3333333333,54.0
608,76.6666666667,63.6666666667
609,63.3333333333,55.0
610,72.3333333333,43.6666666667
611,68.0,78.0
612,63.6666666667,38.0
613,44.3333333333,59.0
614,46.3333333333,69.6666666667
615,48.3333333333,38.0
616,48.6666666667,40.0
617,79.3333333333,60.6666666667
618,47.3333333333,34.6666666667
619,51.0,34.3333333333
620,60.6666666667,34.3333333333
621,47.3333333333,52.0
622,50.0,50.6666666667
623,63.6666666667,74.3333333333
624,59.6666666667,56.3333333333
625,69.0,84.6666666667
626,67.6666666667,78.0
627,82.0,61.6666666667
628,58.3333333333,42.3333333333
629,61.0,81.0
630,82.6666666667,50.0
631,56.0,50.3333333333
632,53.6666666667,42.3333333333
633,68.3333333333,53.0
634,63.6666666667,74.3333333333
635,84.3333333333,52.3333333333
636,49.0,63.3333333333
637,71.6666666667,46.0
638,56.6666666667,71.3333333333
639,44.0,37.0
640,57.0,74.6666666667
641,63.0,33.3333333333
642,85.0,41.0
643,56.6666666667,34.6666666667
644,71.0,74.0
645,63.3333333333,36.0
646,80.3333333333,40.3333333333
647,73.3333333333,39.0
648,55.6666666667,62.0
649,59.3333333333,43.0
650,63.0,42.3333333333
651,47.3333333333,52.0
652,79.3333333333,72.0
653,63.3333333333,75.6666666667
654,58.6666666667,46.3333333333
655,66.6666666667,46.6666666667
656,69.6666666667,44.0
657,67.0,62.6666666667
658,58.3333333333,25.6666666667
659,53.6666666667,85.3333333333
660,74.6666666667,74.6666666667
661,59.3333333333,43.0
662,80.3333333333,40.3333333333
663,82.6666666667,50.0
664,35.0,40.3333333333
665,60.3333333333,75.6666666667
666,48.6666666667,40.0
667,28.6666666667,61.3333333333
668,53.0,37.0
669,53.6666666667,85.3333333333
670,40.0,45.0
671,53.0,37.0
672,43.6666666667,52.3333333333
673,43.6666666667,52.3333333333
674,58.3333333333,80.6666666667
675,64.6666666667,37.0
676,51.3333333333,50.6666666667
677,48.0,46.0
678,53.6666666667,51.6666666667
679,51.3333333333,60.3333333333
680,58.3333333333,42.3333333333
681,66.6666666667,44.3333333333
682,68.0,78.0
683,55.6666666667,52.0
684,48.0,39.3333333333
685,79.3333333333,41.3333333333
686,49.0,35.6666666667
687,79.3333333333,72.0
688,53.3333333333,38.6666666667
689,60.3333333333,48.6666666667
690,70.0,80.3333333333
691,69.3333333333,35.0
692,89.6666666667,41.0
693,62.3333333333,39.0
694,73.3333333333,39.0
695,69.6666666667,44.0
696,42.0,49.0
697,48.0,56.3333333333
698,44.0,43.0
699,52.0,63.3333333333
700,54.3333333333,78.6666666667
701,72.6666666667,64.3333333333
702,66.6666666667,46.6666666667
703,66.6666666667,46.6666666667
704,61.3333333333,56.0
705,51.6666666667,65.0
706,28.6666666667,61.3333333333
707,61.3333333333,60.3333333333
708,45.0,55.0
709,68.6666666667,77.3333333333
710,56.3333333333,63.6666666667
711,52.6666666667,60.0
712,68.0,80.3333333333
713,71.0,81.0
714,88.3333333333,43.0
715,38.3333333333,63.6666666667
716,50.6666666667,52.0
717,40.6666666667,63.6666666667
718,73.3333333333,39.0
719,63.0,33.3333333333
720,53.3333333333,53.6666666667
721,82.6666666667,50.0
722,46.0,62.6666666667
723,54.3333333333,35.6666666667
724,53.0,46.0
725,66.0,45.3333333333
726,68.3333333333,65.3333333333
727,53.6666666667,71.0
728,34.3333333333,63.6666666667
729,68.3333333333,65.3333333333
730,55.0,49.3333333333
731,42.0,49.0
732,53.6666666667,76.0
733,63.3333333333,55.0
734,54.3333333333,66.0
735,55.6666666667,52.0
736,60.3333333333,48.6666666667
737,74.0,41.0
738,44.6666666667,29.0
739,66.0,45.3333333333
740,81.6666666667,46.6666666667
741,66.0,76.6666666667
742,81.6666666667,51.6666666667
743,59.3333333333,57.0
744,54.0,38.0
745,89.6666666667,41.0
746,27.6666666667,63.3333333333
747,51.6666666667,65.0
748,53.3333333333,55.3333333333
749,51.3333333333,60.3333333333
750,57.0,58.0
751,67.0,54.3333333333
752,59.0,81.0
753,57.0,44.6666666667
754,59.3333333333,43.0
755,39.0,61.0
756,65.3333333333,63.3333333333
757,28.6666666667,61.3333333333
758,79.3333333333,41.3333333333
759,28.6666666667,61.3333333333
760,54.3333333333,33.0
761,64.6666666667,37.0
762,63.0,33.3333333333
763,80.3333333333,40.3333333333
764,81.6666666667,76.3333333333
765,56.0,50.3333333333
766,65.3333333333,63.3333333333
767,46.3333333333,48.6666666667
768,74.0,68.0
769,68.0,58.6666666667
770,80.6666666667,52.0
771,81.6666666667,76.3333333333
772,50.0,50.6666666667
773,79.3333333333,60.6666666667
774,88.6666666667,43.6666666667
775,38.3333333333,56.3333333333
776,68.0,76.0
777,57.0,44.6666666667
778,61.6666666667,79.6666666667
779,53.0,53.3333333333
780,72.3333333333,43.6666666667
781,57.3333333333,27.3333333333
782,65.6666666667,37.0
783,61.6666666667,69.6666666667
784,39.0,61.0
785,59.6666666667,69.3333333333
786,49.0,49.6666666667
787,67.3333333333,83.0
788,77.3333333333,52.3333333333
789,65.3333333333,71.6666666667
790,73.3333333333,39.0
791,46.0,62.6666666667
792,67.3333333333,83.0
793,60.3333333333,53.3333333333
794,60.6666666667,79.6666666667
795,43.6666666667,52.0
796,47.0,36.6666666667
797,65.6666666667,53.0
798,50.6666666667,52.0
799,66.6666666667,58.3333333333
800,40.0,60.3333333333
801,59.6666666667,69.3333333333
802,59.3333333333,36.0
803,80.0,42.3333333333
804,55.0,80.6666666667
805,81.6666666667,51.6666666667
806,65.3333333333,63.3333333333
807,71.0,81.0
808,53.0,37.0
809,40.6666666667,63.6666666667
810,75.3333333333,49.3333333333
811,47.0,36.6666666667
812,71.0,49.3333333333
813,38.3333333333,63.6666666667
814,48.0,46.0
815,42.3333333333,60.6666666667
816,80.6666666667,52.0
817,59.6666666667,52.0
818,56.6666666667,36.3333333333
819,88.3333333333,43.0
820,35.0,40.3333333333
821,64.6666666667,37.0
822,53.3333333333,38.6666666667
823,68.6666666667,58.3333333333
824,77.3333333333,51.0
825,53.6666666667,42.3333333333
826,61.3333333333,56.0
827,56.3333333333,56.0
828,45.6666666667,78.3333333333
829,58.3333333333,25.6666666667
830,58.0,47.0
831,62.6666666667,49.3333333333
832,53.6666666667,27.6666666667
833,59.0,81.0
834,47.3333333333,44.0
835,68.3333333333,53.0
836,79.3333333333,72.0
837,42.0,51.6666666667
838,71.0,42.6666666667
839,48.3333333333,51.3333333333
840,47.0,36.6666666667
841,84.3333333333,52.3333333333
842,79.3333333333,72.0
843,68.6666666667,77.3333333333
844,44.3333333333,36.0
845,44.0,37.0
846,66.6666666667,46.6666666667
847,68.0,76.0
848,58.3333333333,54.0
849,60.3333333333,48.6666666667
850,72.3333333333,43.6666666667
851,47.3333333333,44.0
852,46.0,62.6666666667
853,61.0,76.3333333333
854,43.6666666667,52.3333333333
855,57.0,49.0
856,57.3333333333,27.3333333333
857,55.6666666667,24.6666666667
858,78.6666666667,45.6666666667
859,62.0,53.3333333333
860,50.3333333333,59.3333333333
861,64.3333333333,82.3333333333
862,89.6666666667,41.0
863,75.3333333333,49.3333333333
864,75.6666666667,72.3333333333
865,57.0,73.6666666667
866,71.6666666667,46.0
867,80.3333333333,40.3333333333
868,50.0,50.6666666667
869,71.0,81.0
870,53.6666666667,42.3333333333
871,78.0,74.6666666667
872,45.0,55.0
873,38.6666666667,35.3333333333
874,76.6666666667,63.6666666667
875,63.3333333333,55.0
876,66.6666666667,37.0
877,55.0,39.3333333333
878,59.6666666667,52.0
879,62.3333333333,45.0
880,40.6666666667,63.6666666667
881,56.0,75.0
882,66.3333333333,63.0
883,50.6666666667,52.0
884,42.6666666667,24.6666666667
885,28.6666666667,61.3333333333
886,69.0,69.0
887,43.6666666667,52.3333333333
888,59.3333333333,57.0
889,71.3333333333,38.3333333333
890,84.3333333333,52.3333333333
891,63.3333333333,75.6666666667
892,53.3333333333,59.3333333333
893,64.6666666667,37.0
894,56.3333333333,63.6666666667
895,56.3333333333,56.0
896,59.0,53.0
897,61.3333333333,56.0
898,80.6666666667,52.0
899,72.3333333333,43.6666666667
900,50.6666666667,52.0
901,46.3333333333,69.3333333333
902,50.0,50.6666666667
903,53.6666666667,42.3333333333
904,58.0,47.0
905,71.6666666667,46.0
906,68.6666666667,36.3333333333
907,51.3333333333,60.3333333333
908,57.0,65.0
909,43.0,31.0
910,57.0,73.6666666667
911,56.6666666667,34.6666666667
912,64.6666666667,37.0
913,47.3333333333,44.0
914,46.3333333333,69.3333333333
915,50.0,40.3333333333
916,65.3333333333,71.6666666667
917,64.6666666667,37.0
918,46.3333333333,48.6666666667
919,48.0,26.3333333333
920,28.6666666667,61.3333333333
921,68.0,76.0
922,59.3333333333,36.0
923,55.6666666667,74.0
924,45.0,37.3333333333
925,67.0,54.3333333333
926,50.0,40.3333333333
927,59.6666666667,52.0
928,52.0,53.0
929,56.0,50.3333333333
930,79.3333333333,72.0
931,51.3333333333,60.3333333333
932,54.3333333333,78.6666666667
933,47.3333333333,29.6666666667
934,53.0,46.0
935,65.6666666667,54.0
936,50.0,40.3333333333
937,61.3333333333,51.0
938,69.0,63.6666666667
939,48.3333333333,36.3333333333
940,53.3333333333,55.3333333333
941,82.6666666667,50.0
942,44.6666666667,38.3333333333
943,80.6666666667,52.0
944,68.0,72.3333333333
945,68.6666666667,58.3333333333
946,73.3333333333,39.0
947,65.0,75.3333333333
948,34.6666666667,49.6666666667
949,47.3333333333,34.6666666667
950,68.6666666667,58.3333333333
951,61.3333333333,51.0
952,69.0,63.6666666667
953,66.6666666667,46.6666666667
954,48.0,44.3333333333
955,65.0,53.3333333333
956,64.6666666667,37.0
957,64.6666666667,55.3333333333
958,48.0,46.0
959,50.6666666667,48.0
960,57.0,65.0
961,75.3333333333,49.3333333333
962,62.3333333333,39.0
963,58.0,47.0
964,58.0,74.3333333333
965,48.0,35.0
966,74.0,64.3333333333
967,75.3333333333,49.3333333333
968,48.6666666667,40.0
969,67.6666666667,78.0
970,69.6666666667,44.0
971,51.0,73.6666666667
972,63.0,78.6666666667
973,61.6666666667,53.3333333333
974,65.6666666667,41.6666666667
975,79.3333333333,60.6666666667
976,60.3333333333,53.3333333333
977,54.0,57.3333333333
978,53.0,53.3333333333
979,50.0,50.6666666667
980,51.0,73.6666666667
981,68.3333333333,53.0
982,46.3333333333,40.3333333333
983,44.3333333333,36.0
984,58.3333333333,80.6666666667
985,57.0,73.6666666667
986,81.6666666667,76.3333333333
987,71.0,42.6666666667
988,69.0,63.6666666667
989,58.3333333333,79.0
990,61.6666666667,79.6666666667
991,62.0,53.3333333333
992,63.6666666667,74.3333333333
993,63.3333333333,34.6666666667
994,57.0,65.0
995,79.3333333333,72.0
996,63.3333333333,36.0
997,47.3333333333,29.6666666667
998,43.6666666667,52.0
999,71.3333333333,54.3333333333
1000,63.6666666667,74.3333333333
1001,80.6666666667,52.0
1002,58.3333333333,42.3333333333
1003,48.0,39.3333333333
1004,65.0,53.3333333333
1005,71.0,49.3333333333
1006,65.3333333333,63.3333333333
1007,63.3333333333,36.0
1008,56.0,50.3333333333
1009,49.0,63.3333333333
1010,68.0,78.0
1011,53.3333333333,53.6666666667
1012,56.0,50.3333333333
1013,48.0,56.3333333333
1014,71.0,49.3333333333
1015,41.0,32.3333333333
1016,35.0,40.3333333333
1017,71.0,81.0
1018,68.6666666667,77.3333333333
1019,54.3333333333,35.6666666667
1020,55.6666666667,24.6666666667
1021,60.6666666667,34.3333333333
1022,58.3333333333,73.0
1023,73.6666666667,45.0
1024,40.0,49.0
1025,65.6666666667,54.0
1026,53.3333333333,52.0
1027,59.6666666667,45.0
1028,56.0,57.3333333333
1029,48.3333333333,40.3333333333
1030,62.0,54.0
1031,58.3333333333,42.3333333333
1032,72.3333333333,71.6666666667
1033,57.0,21.0
1034,58.3333333333,25.6666666667
1035,54.3333333333,35.6666666667
1036,84.3333333333,52.3333333333
1037,50.3333333333,63.0
1038,54.0,49.3333333333
1039,55.6666666667,24.6666666667
1040,71.3333333333,38.3333333333
1041,77.3333333333,57.6666666667
1042,56.6666666667,71.3333333333
1043,58.3333333333,54.0
1044,55.6666666667,52.0
1045,84.3333333333,52.3333333333
1046,44.0,37.0
1047,63.6666666667,74.3333333333
1048,41.0,32.3333333333
1049,28.6666666667,61.3333333333
1050,53.3333333333,59.3333333333
1051,48.0,56.3333333333
1052,59.3333333333,43.0
1053,54.0,38.0
1054,64.3333333333,82.3333333333
1055,59.3333333333,36.0
1056,56.0,50.3333333333
1057,68.0,58.6666666667
1058,89.6666666667,41.0
1059,40.6666666667,63.6666666667
1060,49.3333333333,49.0
1061,35.0,40.3333333333
1062,54.0,49.3333333333
1063,60.6666666667,79.6666666667
1064,57.3333333333,30.6666666667
1065,67.6666666667,43.3333333333
1066,58.3333333333,80.6666666667
1067,47.3333333333,34.6666666667
1068,74.0,41.0
1069,71.0,74.0
1070,35.0,40.3333333333
1071,88.3333333333,43.0
1072,55.3333333333,57.3333333333
1073,59.3333333333,57.0
1074,35.0,40.3333333333
1075,57.3333333333,27.3333333333
1076,55.6666666667,74.0
1077,40.0,49.0
1078,63.3333333333,55.0
1079,68.6666666667,58.3333333333
1080,56.6666666667,36.3333333333
1081,64.3333333333,46.6666666667
1082,50.3333333333,33.6666666667
1083,64.6666666667,37.0
1084,44.0,31.3333333333
1085,48.0,47.3333333333
1086,61.3333333333,51.0
1087,53.6666666667,27.6666666667
1088,68.0,58.6666666667
1089,66.3333333333,73.6666666667
1090,44.0,37.0
1091,47.0,36.6666666667
1092,69.0,63.6666666667
1093,53.3333333333,52.0
1094,50.6666666667,40.3333333333
1095,50.0,45.0
1096,50.6666666667,48.0
1097,63.0,48.6666666667
1098,64.3333333333,46.6666666667
1099,68.0,76.0
1100,54.3333333333,78.6666666667
1101,80.6666666667,52.0
1102,73.3333333333,39.0
1103,61.6666666667,69.6666666667
1104,67.6666666667,78.0
1105,66.3333333333,63.0
1106,63.3333333333,34.6666666667
1107,68.3333333333,52.3333333333
1108,59.6666666667,52.0
1109,68.6666666667,77.3333333333
1110,57.0,58.0
1111,40.0,49.0
1112,65.6666666667,41.6666666667
1113,66.3333333333,73.6666666667
1114,53.6666666667,51.6666666667
1115,67.3333333333,83.0
1116,58.0,47.0
1117,65.0,75.3333333333
1118,54.0,49.3333333333
1119,61.6666666667,53.3333333333
1120,48.6666666667,61.6666666667
1121,76.6666666667,63.6666666667
1122,66.6666666667,34.6666666667
1123,47.0,36.6666666667
1124,71.0,81.0
1125,58.3333333333,73.0
1126,68.3333333333,65.3333333333
1127,55.0,45.6666666667
1128,69.0,69.0
1129,53.3333333333,55.3333333333
1130,58.3333333333,42.3333333333
1131,61.0,82.6666666667
1132,50.0,45.0
1133,85.0,41.0
1134,61.6666666667,43.0
1135,68.0,58.6666666667
1136,68.3333333333,53.0
1137,88.3333333333,43.0
1138,80.3333333333,52.6666666667
1139,46.3333333333,48.6666666667
1140,56.0,50.3333333333
1141,45.0,55.0
1142,68.6666666667,58.3333333333
1143,88.6666666667,43.6666666667
1144,67.6666666667,43.3333333333
1145,60.0,39.6666666667
1146,63.3333333333,34.6666666667
1147,53.0,37.0
1148,28.6666666667,61.3333333333
1149,34.3333333333,63.6666666667
1150,81.6666666667,51.6666666667
1151,71.0,81.0
1152,80.6666666667,52.0
1153,54.3333333333,78.6666666667
1154,80.3333333333,40.3333333333
1155,46.3333333333,40.3333333333
1156,27.6666666667,63.3333333333
1157,47.3333333333,50.3333333333
1158,75.3333333333,49.3333333333
1159,57.0,74.6666666667
1160,53.0,43.6666666667
1161,54.0,57.3333333333
1162,71.6666666667,46.0
1163,62.3333333333,39.0
1164,53.3333333333,52.0
1165,64.6666666667,55.3333333333
1166,78.6666666667,45.6666666667
1167,68.3333333333,52.3333333333
1168,61.0,82.6666666667
1169,66.6666666667,44.3333333333
1170,53.0,37.0
1171,73.3333333333,39.0
1172,59.3333333333,43.0
1173,54.3333333333,78.6666666667
1174,53.6666666667,46.0
1175,42.3333333333,60.6666666667
1176,47.3333333333,52.0
1177,66.3333333333,63.0
1178,61.3333333333,51.0
1179,61.6666666667,79.6666666667
1180,54.3333333333,35.6666666667
1181,80.6666666667,52.0
1182,50.6666666667,52.0
1183,48.0,56.3333333333
1184,63.6666666667,38.0
1185,71.0,81.0
1186,61.3333333333,51.0
1187,44.3333333333,59.0
1188,62.0,53.3333333333
1189,53.3333333333,59.3333333333
1190,80.3333333333,52.6666666667
1191,61.6666666667,53.3333333333
1192,55.6666666667,62.0
1193,69.3333333333,35.0
1194,60.3333333333,48.6666666667
1195,63.3333333333,55.0
1196,55.0,49.3333333333
1197,71.6666666667,46.0
1198,46.3333333333,40.3333333333
1199,59.6666666667,45.0
1200,60.3333333333,48.6666666667
1201,54.0,57.3333333333
1202,58.3333333333,73.0
1203,53.6666666667,27.6666666667
1204,61.3333333333,51.0
1205,54.3333333333,78.6666666667
1206,68.3333333333,53.0
1207,85.0,41.0
1208,35.0,43.6666666667
1209,64.0,73.6666666667
1210,72.3333333333,43.6666666667
1211,59.6666666667,56.3333333333
1212,55.3333333333,57.3333333333
1213,57.0,73.6666666667
1214,51.6666666667,36.0
1215,67.6666666667,81.0
1216,42.0,49.0
1217,80.0,42.3333333333
1218,66.6666666667,34.6666666667
1219,68.3333333333,65.3333333333
1220,63.0,33.3333333333
1221,61.6666666667,69.6666666667
1222,59.6666666667,52.0
1223,49.0,63.3333333333
1224,44.0,37.0
1225,50.0,45.0
1226,55.6666666667,77.0
1227,65.3333333333,71.6666666667
1228,51.3333333333,51.6666666667
1229,81.6666666667,76.3333333333
1230,65.6666666667,54.0
1231,55.6666666667,80.3333333333
1232,58.6666666667,46.3333333333
1233,80.3333333333,40.3333333333
1234,49.0,49.6666666667
1235,59.3333333333,25.3333333333
1236,73.6666666667,45.0
1237,85.0,41.0
1238,63.0,78.6666666667
1239,56.3333333333,63.6666666667
1240,54.3333333333,35.6666666667
1241,70.6666666667,74.6666666667
1242,45.3333333333,28.3333333333
1243,58.3333333333,25.6666666667
1244,80.0,42.3333333333
1245,57.6666666667,76.0
1246,64.0,73.6666666667
1247,48.3333333333,40.3333333333
1248,63.6666666667,74.3333333333
1249,88.6666666667,43.6666666667
1250,69.0,50.3333333333
1251,66.3333333333,63.0
1252,74.6666666667,74.6666666667
1253,66.6666666667,44.3333333333
1254,57.0,44.6666666667
1255,48.0,46.0
1256,63.6666666667,74.3333333333
1257,64.6666666667,37.0
1258,82.0,61.6666666667
1259,58.3333333333,25.6666666667
1260,66.3333333333,63.0
1261,57.0,65.0
1262,59.0,81.0
1263,53.6666666667,46.0
1264,73.6666666667,45.0
1265,47.3333333333,29.6666666667
1266,74.6666666667,74.6666666667
1267,61.3333333333,56.0
1268,52.0,53.0
1269,69.0,63.6666666667
1270,53.3333333333,38.6666666667
1271,42.6666666667,24.6666666667
1272,55.6666666667,52.0
1273,55.6666666667,24.6666666667
1274,71.3333333333,38.3333333333
1275,49.3333333333,77.6666666667
1276,48.3333333333,36.3333333333
1277,64.0,73.6666666667
1278,60.3333333333,71.6666666667
1279,53.3333333333,52.0
1280,47.0,36.6666666667
1281,52.0,53.0
1282,69.0,69.0
1283,56.6666666667,36.3333333333
1284,71.3333333333,38.3333333333
1285,63.0,33.3333333333
1286,67.0,62.6666666667
1287,82.6666666667,50.0
1288,59.6666666667,52.0
1289,61.3333333333,56.0
1290,59.6666666667,52.0
1291,57.6666666667,76.0
1292,85.0,41.0
1293,48.6666666667,80.6666666667
1294,63.3333333333,75.6666666667
1295,40.0,45.0
1296,34.3333333333,63.6666666667
1297,53.3333333333,53.6666666667
1298,64.6666666667,55.3333333333
1299,69.3333333333,35.0
1300,48.0,46.0
1301,69.3333333333,35.0
1302,57.0,74.6666666667
1303,40.0,49.0
1304,70.6666666667,74.6666666667
1305,66.6666666667,44.3333333333
1306,54.0,38.0
1307,78.6666666667,45.6666666667
1308,38.3333333333,56.3333333333
1309,85.0,41.0
1310,62.3333333333,39.0
1311,61.3333333333,51.0
1312,50.0,40.3333333333
1313,58.3333333333,27.3333333333
1314,54.3333333333,33.0
1315,48.0,35.0
1316,50.6666666667,48.0
1317,45.0,55.0
1318,54.3333333333,66.0
1319,53.3333333333,53.6666666667
1320,55.6666666667,52.0
1321,56.3333333333,63.6666666667
1322,79.3333333333,41.3333333333
1323,88.6666666667,43.6666666667
1324,71.0,74.0
1325,79.3333333333,72.0
1326,82.6666666667,50.0
1327,63.3333333333,34.6666666667
1328,67.6666666667,78.0
1329,68.0,78.0
1330,53.0,43.6666666667
1331,54.0,57.3333333333
1332,64.0,73.6666666667
1333,43.6666666667,68.0
1334,62.0,83.0
1335,67.0,62.6666666667
1336,55.0,45.6666666667
1337,67.3333333333,45.0
1338,73.3333333333,39.0
1339,58.3333333333,79.0
1340,62.0,54.0
1341,75.6666666667,72.3333333333
1342,50.6666666667,48.0
1343,67.0,62.6666666667
1344,56.0,50.3333333333
1345,54.3333333333,66.0
1346,66.0,76.6666666667
1347,40.6666666667,63.6666666667
1348,61.0,41.3333333333
1349,84.3333333333,52.3333333333
1350,38.3333333333,56.3333333333
1351,36.0,39.0
1352,75.6666666667,72.3333333333
1353,53.0,43.6666666667
1354,53.6666666667,39.3333333333
1355,48.0,47.3333333333
1356,72.3333333333,43.6666666667
1357,59.6666666667,45.0
1358,47.0,36.6666666667
1359,66.6666666667,34.6666666667
1360,68.6666666667,36.3333333333
1361,69.3333333333,35.0
1362,48.0,47.3333333333
1363,35.0,43.6666666667
1364,63.3333333333,34.6666666667
1365,66.6666666667,46.6666666667
1366,55.3333333333,57.3333333333
1367,54.3333333333,78.6666666667
1368,46.3333333333,48.6666666667
1369,56.6666666667,34.6666666667
1370,63.6666666667,74.3333333333
1371,70.0,80.3333333333
1372,68.6666666667,77.3333333333
1373,58.3333333333,25.6666666667
1374,69.0,63.6666666667
1375,78.0,74.6666666667
1376,46.0,62.6666666667
1377,53.0,46.0
1378,82.6666666667,50.0
1379,53.3333333333,42.3333333333
1380,61.3333333333,60.3333333333
1381,63.3333333333,55.0
1382,59.3333333333,36.0
1383,79.3333333333,60.6666666667
1384,63.6666666667,38.0
1385,58.0,83.0
1386,73.3333333333,39.0
1387,62.3333333333,74.6666666667
1388,56.0,50.3333333333
1389,80.3333333333,40.3333333333
1390,82.6666666667,50.0
1391,81.6666666667,46.6666666667
1392,42.6666666667,24.6666666667
1393,59.3333333333,57.0
1394,38.3333333333,56.3333333333
1395,53.3333333333,38.6666666667
1396,78.6666666667,45.6666666667
1397,52.0,63.3333333333
1398,79.3333333333,72.0
1399,66.0,45.3333333333
1400,80.0,42.3333333333
1401,53.3333333333,53.6666666667
1402,45.6666666667,78.3333333333
1403,57.0,73.6666666667
1404,66.6666666667,46.6666666667
1405,63.6666666667,74.3333333333
1406,48.0,39.3333333333
1407,48.6666666667,71.0
1408,65.3333333333,63.3333333333
1409,74.0,64.3333333333
1410,67.3333333333,54.0
1411,47.3333333333,29.6666666667
1412,38.3333333333,56.3333333333
1413,68.6666666667,36.3333333333
1414,66.6666666667,44.3333333333
1415,53.0,46.0
1416,48.0,44.3333333333
1417,53.3333333333,52.0
1418,69.0,50.3333333333
1419,60.3333333333,53.3333333333
1420,47.0,36.6666666667
1421,58.0,74.3333333333
1422,68.3333333333,65.3333333333
1423,68.3333333333,53.0
1424,68.6666666667,36.3333333333
1425,43.6666666667,52.3333333333
1426,66.0,86.6666666667
1427,67.6666666667,78.0
1428,80.3333333333,52.6666666667
1429,65.6666666667,41.6666666667
1430,71.0,43.0
1431,88.3333333333,43.0
1432,69.3333333333,35.0
1433,69.0,69.0
1434,55.0,39.3333333333
1435,35.0,40.3333333333
1436,56.6666666667,34.6666666667
1437,57.0,73.6666666667
1438,49.0,63.3333333333
1439,60.3333333333,75.6666666667
1440,49.0,63.3333333333
1441,63.0,49.0
1442,56.3333333333,83.3333333333
1443,73.3333333333,39.0
1444,64.0,73.6666666667
1445,35.0,40.3333333333
1446,57.0,74.6666666667
1447,66.0,86.6666666667
1448,68.0,58.6666666667
1449,62.0,83.0
1450,32.6666666667,28.6666666667
1451,55.0,49.3333333333
1452,63.3333333333,36.0
1453,56.0,50.3333333333
1454,47.3333333333,29.6666666667
1455,80.3333333333,40.3333333333
1456,64.3333333333,46.6666666667
1457,60.3333333333,75.6666666667
1458,62.6666666667,62.6666666667
1459,60.0,39.6666666667
1460,68.6666666667,58.3333333333
1461,48.0,35.0
1462,67.6666666667,81.0
1463,74.0,41.0
1464,56.3333333333,63.6666666667
1465,80.0,42.3333333333
1466,43.6666666667,52.3333333333
1467,68.6666666667,58.3333333333
1468,59.6666666667,38.0
1469,85.0,41.0
1470,48.0,56.3333333333
1471,55.6666666667,52.0
1472,65.6666666667,37.0
1473,48.6666666667,40.0
1474,44.3333333333,36.0
1475,78.0,74.6666666667
1476,68.6666666667,77.3333333333
1477,45.0,55.0
1478,48.0,47.3333333333
1479,56.6666666667,71.3333333333
1480,88.3333333333,43.0
1481,39.0,61.0
1482,44.6666666667,38.3333333333
1483,56.6666666667,34.6666666667
1484,79.3333333333,41.3333333333
1485,47.3333333333,30.3333333333
1486,58.3333333333,73.0
1487,66.6666666667,44.3333333333
1488,47.3333333333,34.6666666667
1489,63.0,33.3333333333
1490,68.3333333333,53.0
1491,68.6666666667,51.3333333333
1492,57.0,21.0
1493,82.0,61.6666666667
1494,56.6666666667,34.6666666667
1495,46.3333333333,48.6666666667
1496,71.0,49.3333333333
1497,62.6666666667,49.3333333333
1498,65.0,33.6666666667
1499,38.3333333333,56.3333333333
1500,58.3333333333,80.6666666667
1501,54.3333333333,33.0
1502,70.6666666667,74.6666666667
1503,71.0,43.0
1504,68.0,76.0
1505,68.0,78.0
1506,53.3333333333,52.0
1507,63.3333333333,34.6666666667
1508,81.6666666667,51.6666666667
1509,49.0,49.6666666667
1510,64.6666666667,37.0
1511,62.6666666667,62.6666666667
1512,58.3333333333,79.0
1513,57.0,74.6666666667
1514,38.3333333333,56.3333333333
1515,84.3333333333,52.3333333333
1516,78.0,74.6666666667
1517,88.3333333333,43.0
1518,53.6666666667,71.0
1519,78.6666666667,45.6666666667
1520,47.3333333333,44.0
1521,61.0,76.3333333333
1522,48.0,39.3333333333
1523,40.0,49.0
1524,58.3333333333,54.0
1525,81.6666666667,46.6666666667
1526,63.0,48.6666666667
1527,66.3333333333,63.0
1528,59.0,81.0
1529,62.6666666667,49.3333333333
1530,59.6666666667,52.0
1531,64.6666666667,55.3333333333
1532,74.0,64.3333333333
1533,66.6666666667,37.0
1534,50.0,40.3333333333
1535,88.3333333333,43.0
1536,71.6666666667,46.0
1537,85.0,41.0
1538,32.6666666667,28.6666666667
1539,56.6666666667,71.3333333333
1540,53.0,37.0
1541,65.6666666667,43.6666666667
1542,53.0,43.6666666667
1543,42.0,49.0
1544,55.6666666667,74.0
1545,74.0,64.3333333333
1546,58.3333333333,73.0
1547,69.3333333333,35.0
1548,44.3333333333,36.0
1549,53.6666666667,51.6666666667
1550,63.6666666667,74.3333333333
1551,63.3333333333,55.0
1552,46.3333333333,69.6666666667
1553,71.6666666667,46.0
1554,82.6666666667,50.0
1555,55.0,80.6666666667
1556,68.0,72.3333333333
1557,56.0,47.0
1558,77.3333333333,57.6666666667
1559,79.3333333333,41.3333333333
1560,44.0,37.0
1561,66.3333333333,73.6666666667
1562,66.6666666667,58.3333333333
1563,55.0,76.3333333333
1564,66.0,76.6666666667
1565,48.0,39.3333333333
1566,75.3333333333,49.3333333333
1567,67.0,54.3333333333
1568,60.3333333333,53.3333333333
1569,69.0,63.6666666667
1570,80.3333333333,40.3333333333
1571,53.6666666667,51.6666666667
1572,48.0,47.3333333333
1573,74.0,68.0
1574,55.0,45.6666666667
1575,60.3333333333,75.6666666667
1576,54.0,49.3333333333
1577,58.3333333333,25.6666666667
1578,51.0,73.6666666667
1579,66.3333333333,63.0
1580,59.6666666667,52.0
1581,59.6666666667,52.0
1582,79.3333333333,60.6666666667
1583,67.0,62.6666666667
1584,74.0,68.0
1585,65.0,75.3333333333
1586,68.0,58.6666666667
1587,80.0,42.3333333333
1588,67.6666666667,81.0
1589,42.3333333333,60.6666666667
1590,49.0,35.6666666667
1591,68.3333333333,65.3333333333
1592,72.3333333333,54.6666666667
1593,66.3333333333,63.0
1594,69.0,50.3333333333
1595,81.6666666667,76.3333333333
1596,61.3333333333,56.0
1597,52.0,53.0
1598,68.6666666667,58.3333333333
1599,53.6666666667,76.0
1600,81.6666666667,46.6666666667
1601,35.0,40.3333333333
1602,45.0,55.0
1603,54.0,49.3333333333
1604,58.0,83.0
1605,68.6666666667,51.3333333333
1606,68.6666666667,77.3333333333
1607,59.6666666667,56.3333333333
1608,57.0,73.6666666667
1609,55.6666666667,24.6666666667
1610,35.0,40.3333333333
1611,64.3333333333,46.6666666667
1612,60.0,39.6666666667
1613,46.3333333333,48.6666666667
1614,73.6666666667,45.0
1615,61.6666666667,79.6666666667
1616,66.3333333333,73.6666666667
1617,59.6666666667,45.0
1618,53.3333333333,38.6666666667
1619,66.6666666667,58.3333333333
1620,40.6666666667,63.6666666667
1621,61.6666666667,74.6666666667
1622,38.3333333333,63.6666666667
1623,55.6666666667,77.0
1624,63.3333333333,55.0
1625,48.6666666667,71.0
1626,49.3333333333,49.0
1627,47.3333333333,52.0
1628,53.6666666667,42.3333333333
1629,61.6666666667,43.0
1630,82.6666666667,50.0
1631,42.6666666667,24.6666666667
1632,58.6666666667,46.3333333333
1633,48.0,47.3333333333
1634,42.3333333333,60.6666666667
1635,61.0,76.3333333333
1636,63.6666666667,74.3333333333
1637,63.0,78.6666666667
1638,67.6666666667,81.3333333333
1639,59.3333333333,57.0
1640,59.6666666667,45.0
1641,66.0,45.3333333333
1642,63.3333333333,75.6666666667
1643,46.3333333333,40.3333333333
1644,79.3333333333,72.0
1645,71.0,49.3333333333
1646,65.6666666667,43.6666666667
1647,53.0,37.0
1648,44.0,37.0
1649,48.0,56.3333333333
1650,66.0,35.3333333333
1651,56.3333333333,56.0
1652,56.3333333333,56.0
1653,56.6666666667,36.3333333333
1654,59.3333333333,71.6666666667
1655,48.0,47.3333333333
1656,47.6666666667,48.3333333333
1657,57.0,21.0
1658,55.0,80.6666666667
1659,59.6666666667,52.0
1660,58.3333333333,54.0
1661,68.0,58.6666666667
1662,65.6666666667,41.6666666667
1663,63.3333333333,36.0
1664,66.0,86.6666666667
1665,59.3333333333,71.6666666667
1666,48.0,46.0
1667,65.3333333333,64.6666666667
1668,49.0,49.6666666667
1669,73.6666666667,45.0
1670,55.6666666667,24.6666666667
1671,59.3333333333,71.6666666667
1672,58.3333333333,42.3333333333
1673,55.3333333333,57.3333333333
1674,56.6666666667,36.3333333333
1675,42.0,51.6666666667
1676,58.0,74.3333333333
1677,61.0,76.3333333333
1678,53.0,78.6666666667
1679,68.3333333333,53.0
1680,68.0,78.0
1681,61.6666666667,69.6666666667
1682,66.3333333333,73.6666666667
1683,40.0,45.0
1684,84.3333333333,52.3333333333
1685,65.3333333333,71.6666666667
1686,52.0,53.0
1687,35.0,40.3333333333
1688,48.0,47.3333333333
1689,48.0,35.0
1690,62.3333333333,74.6666666667
1691,56.3333333333,79.3333333333
1692,64.3333333333,46.6666666667
1693,62.3333333333,39.0
1694,63.6666666667,74.3333333333
1695,50.6666666667,52.0
1696,68.3333333333,65.3333333333
1697,58.3333333333,73.0
1698,56.0,50.3333333333
1699,56.3333333333,79.3333333333
1700,64.3333333333,82.3333333333
1701,65.6666666667,41.6666666667
1702,88.6666666667,43.6666666667
1703,34.6666666667,49.6666666667
1704,43.6666666667,52.0
1705,76.3333333333,40.3333333333
1706,72.0,45.0
1707,57.0,21.0
1708,67.3333333333,49.0
1709,61.0,76.3333333333
1710,35.0,40.3333333333
1711,57.0,74.6666666667
1712,48.6666666667,71.0
1713,66.6666666667,34.6666666667
1714,65.6666666667,54.0
1715,66.0,76.6666666667
1716,69.0,63.6666666667
1717,66.3333333333,63.0
1718,54.0,38.0
1719,73.3333333333,39.0
1720,80.0,42.3333333333
1721,59.0,53.0
1722,48.0,46.0
1723,72.3333333333,71.6666666667
1724,80.3333333333,40.3333333333
1725,56.6666666667,34.6666666667
1726,63.3333333333,55.0
1727,60.6666666667,67.3333333333
1728,71.0,76.3333333333
1729,63.0,48.6666666667
1730,38.3333333333,56.3333333333
1731,69.0,84.6666666667
1732,67.6666666667,43.3333333333
1733,56.3333333333,63.6666666667
1734,68.3333333333,53.0
1735,79.3333333333,41.3333333333
1736,67.0,54.3333333333
1737,68.0,58.6666666667
1738,53.3333333333,52.0
1739,65.0,53.3333333333
1740,79.3333333333,41.3333333333
1741,79.3333333333,41.3333333333
1742,58.0,47.0
1743,65.0,53.3333333333
1744,58.0,47.0
1745,54.0,49.3333333333
1746,79.3333333333,41.3333333333
1747,68.0,58.6666666667
1748,53.3333333333,52.0
1749,54.0,49.3333333333
1750,64.6666666667,55.3333333333
1751,60.3333333333,53.3333333333
1752,61.3333333333,60.3333333333
1753,53.3333333333,52.0
1754,58.0,47.0
1755,54.0,49.3333333333
1756,58.0,47.0
1757,79.3333333333,41.3333333333
1758,64.3333333333,46.6666666667
1759,79.3333333333,41.3333333333
1760,79.3333333333,41.3333333333
1761,60.3333333333,53.3333333333
1762,65.0,53.3333333333
1763,58.0,47.0
1764,64.3333333333,46.6666666667
1765,64.6666666667,55.3333333333
1766,58.0,47.0
1767,64.3333333333,46.6666666667
1768,79.3333333333,41.3333333333
1769,58.0,47.0
1770,64.6666666667,55.3333333333
1771,79.3333333333,41.3333333333
1772,53.3333333333,52.0
1773,67.0,54.3333333333
1774,53.3333333333,52.0
1775,58.0,47.0
1776,58.0,47.0
1777,68.0,58.6666666667
1778,65.0,53.3333333333
1779,79.3333333333,41.3333333333
1780,58.0,47.0
1781,68.0,58.6666666667
1782,61.3333333333,60.3333333333
1783,53.3333333333,52.0
1784,67.3333333333,49.0
1785,53.3333333333,52.0
1786,64.6666666667,55.3333333333
1787,53.3333333333,52.0
1788,54.0,49.3333333333
1789,60.3333333333,53.3333333333
1790,61.3333333333,60.3333333333
1791,65.0,53.3333333333
1792,61.3333333333,60.3333333333
1793,64.6666666667,55.3333333333
1794,65.0,53.3333333333
1795,68.0,58.6666666667
1796,65.0,53.3333333333
1797,67.3333333333,49.0
1798,67.0,54.3333333333
1799,65.0,53.3333333333
1800,79.3333333333,41.3333333333
1801,67.0,54.3333333333
1802,79.0,60.3333333333
1803,65.0,53.3333333333
1804,79.3333333333,41.3333333333
1805,64.3333333333,46.6666666667
1806,68.0,58.6666666667
1807,60.3333333333,53.3333333333
1808,58.0,47.0
1809,53.3333333333,52.0
1810,58.0,47.0
1811,68.0,58.6666666667
1812,64.3333333333,46.6666666667
1813,60.3333333333,53.3333333333
1814,58.0,47.0
1815,60.3333333333,53.3333333333
1816,64.6666666667,55.3333333333
1817,61.3333333333,60.3333333333
1818,64.3333333333,46.6666666667
1819,53.3333333333,52.0
1820,53.3333333333,52.0
1821,65.0,53.3333333333
1822,68.0,58.6666666667
1823,64.6666666667,55.3333333333
1824,53.3333333333,52.0
1825,64.6666666667,55.3333333333
1826,61.3333333333,60.3333333333
1827,60.3333333333,53.3333333333
1828,67.3333333333,49.0
1829,68.0,58.6666666667
1830,54.0,49.3333333333
1831,65.0,53.3333333333
1832,65.0,53.3333333333
1833,65.0,53.3333333333
1834,65.0,53.3333333333
1835,65.0,53.3333333333
1836,79.3333333333,41.3333333333
1837,60.3333333333,53.3333333333
1838,67.0,54.3333333333
1839,64.3333333333,46.6666666667
1840,54.0,49.3333333333
1841,67.0,54.3333333333
1842,67.0,54.3333333333
1843,54.0,49.3333333333
1844,60.3333333333,53.3333333333
1845,67.0,54.3333333333
1846,65.0,53.3333333333
1847,60.3333333333,53.3333333333
1848,65.0,53.3333333333
1849,79.3333333333,41.3333333333
1850,65.0,53.3333333333
1851,68.0,58.6666666667
1852,79.3333333333,41.3333333333
1853,79.3333333333,41.3333333333
